Molecule_ChEMBL_ID,Smiles,pIC50,True_Label,Predicted_Prob,Predicted_Label,Rank
CHEMBL433769,Oc1ccc([C@H]2Sc3cc(O)ccc3O[C@H]2c2ccc(OCCN3C[C@H]4CCC[C@H]4C3)cc2)cc1,7.744727494896693,1,0.9927388858985088,1,1
CHEMBL183782,Oc1ccc(-c2cc3cc(O)cc(Br)c3o2)cc1,8.698970004336019,1,0.9905576096291603,1,2
CHEMBL370849,Oc1ccc2c(c1)sc1c3cc(O)ccc3n(Cc3ccc(OCCN4CCCC4)cc3)c21,7.694648630553377,1,0.988017153648252,1,3
CHEMBL1086776,Oc1ccc2c(c1)O[C@@H](c1ccc(OCCN3CCCC3)cc1)C1=C2CCOc2cc(O)ccc21,8.060480747381382,1,0.9867516304203692,1,4
CHEMBL1086775,Oc1ccc2c(c1)O[C@H](c1ccc(OCCN3CCCC3)cc1)C1=C2CCOc2cc(O)ccc21,7.853871964321762,1,0.985947540487812,1,5
CHEMBL182850,Oc1cc(Br)c2oc(-c3ccc(O)c(F)c3)cc2c1,9.455931955649724,1,0.9859199425317724,1,6
CHEMBL4224880,O=C(O)/C=C/c1ccc(C2=C(c3ccc(O)cc3)CCSc3cc(F)ccc32)cc1,8.508638306165727,1,0.9846600985182695,1,7
CHEMBL185126,Cc1cc(O)cc2cc(-c3ccc(O)c(F)c3)oc12,8.397940008672037,1,0.9834649569188985,1,8
CHEMBL360338,CCC(=O)c1cc(O)cc2cc(-c3ccc(O)cc3)oc12,8.494850021680094,1,0.9827272554328599,1,9
CHEMBL198914,Cc1c(-c2ccc(O)cc2)n(Cc2ccc(OCCN3CC[C@@H](C)C3)cc2)c2ccc(O)cc12,8.619788758288394,1,0.9818588485848629,1,10
CHEMBL363634,N#Cc1cc(-c2ccc(O)cc2F)cc2ccc(O)cc12,9.30102999566398,1,0.980258664924278,1,11
CHEMBL371072,CN(C)CCOc1ccc(Cn2c3ccc(O)cc3c3sc4cc(O)ccc4c32)cc1,7.508638306165727,1,0.979547148317799,1,12
CHEMBL183889,CC(=O)c1cc(O)cc2cc(-c3ccc(O)cc3)oc12,8.221848749616356,1,0.9790562287222029,1,13
CHEMBL192016,C#Cc1cc(-c2ccc(O)c(F)c2)cc2ccc(O)cc12,8.200659450546418,1,0.9761816327508087,1,14
CHEMBL379889,Cc1cc(O)cc2ncn(-c3ccc(O)cc3)c(=S)c12,7.102372908709558,1,0.975599536628964,1,15
CHEMBL98558,CC1(c2ccc(OCCN3CCCC3)cc2)c2ccc(O)cc2CCN1c1ccccc1,7.080921907623926,1,0.9751862568007293,1,16
CHEMBL183333,Oc1ccc2c(c1)CS[C@H](c1ccccc1)[C@@H]2c1ccc(OCCN2CCCC2)cc1,8.67778070526608,1,0.973894152097168,1,17
CHEMBL212391,CC[C@@]12CCC(=O)C(C(F)(F)F)=C1c1ccc3[nH]nnc3c1C2,7.958607314841775,1,0.9722282413142408,1,18
CHEMBL363633,CC#Cc1cc(-c2ccc(O)c(F)c2)cc2ccc(O)cc12,8.0,1,0.9719946874336007,1,19
CHEMBL433944,COc1cc(O)c(Br)c2cc(-c3ccc(O)cc3)oc12,9.30102999566398,1,0.9717116804322077,1,20
CHEMBL213529,CCCC12CCC(=O)C(CC)=C1c1ccc3[nH]nnc3c1C2,7.744727494896693,1,0.9703198685857308,1,21
CHEMBL205920,CCc1cc(O)cc2ncn(-c3ccc(O)cc3)c(=S)c12,6.806875401645538,1,0.9687127696355842,1,22
CHEMBL180176,O=C(c1ccc(N2CCN(c3ccc([N+](=O)[O-])cc3)CC2)cc1)c1c(-c2ccc(O)cc2)sc2cc(O)ccc12,7.847100403606253,1,0.9670211271888317,1,23
CHEMBL194326,N#Cc1cc(-c2cc(F)c(O)cc2F)cc2ccc(O)cc12,8.161150909262744,1,0.9666752390451886,1,24
CHEMBL184448,Oc1ccc(-c2cc3cc(O)cc(Cl)c3o2)cc1,8.795880017344075,1,0.9664845141339464,1,25
CHEMBL382734,CCN(CC)CCOc1ccc(Cn2c3ccc(O)cc3c3sc4cc(O)ccc4c32)cc1,7.785156151952302,1,0.9643527763077143,1,26
CHEMBL195289,Oc1ccc2cc(-c3cc(F)c(O)cc3F)ccc2c1,8.55284196865778,1,0.9611164219472651,1,27
CHEMBL4106817,COCCCCCC[C@@H]1C[C@@H]2[C@H](CCC3[C@H]2CC[C@@H]3O)c2ccc(O)cc21,7.0,1,0.9608514926285527,1,28
CHEMBL365290,Cc1cc(O)cc2cc(-c3ccc(O)cc3)oc12,8.2518119729938,1,0.9599025230115107,1,29
CHEMBL213070,CCCC12CCC(=O)C(Br)=C1c1ccc3[nH]nnc3c1C2,7.366531544420414,1,0.9587250591287285,1,30
CHEMBL195991,CCN(CC)CCOc1ccc(Cn2c3ccccc3c3sc4cc(O)ccc4c32)cc1,7.602059991327963,1,0.9575714814345405,1,31
CHEMBL185012,N#Cc1cc(O)cc2cc(-c3ccc(O)c(F)c3)oc12,8.958607314841775,1,0.9551499532379432,1,32
CHEMBL363498,N#Cc1cc(O)cc2cc(-c3ccc(O)cc3)oc12,8.657577319177793,1,0.9542032922791397,1,33
CHEMBL361226,COc1cc(O)cc2cc(-c3ccc(O)cc3)oc12,8.0,1,0.9532804377076003,1,34
CHEMBL328475,O=S(=O)(c1ccc2ccccc2c1)N1CCc2cc(O)ccc2C1c1ccc(OCCN2CCCC2)cc1,5.96657624451305,0,0.9521985775476386,1,35
CHEMBL316080,Oc1ccc2c(c1)CCN(c1ccccc1)C2c1ccc(OCCN2CCCC2)cc1,6.779891911959945,1,0.9521878750991086,1,36
CHEMBL180085,COc1ccc2c(c1)CS[C@H](c1ccccc1)[C@@H]2c1ccc(OCCN2CCCC2)cc1,6.958607314841775,1,0.9512663968289959,1,37
CHEMBL85881,Oc1ccc2c(c1)S[C@H](CC1CCCCC1)[C@H](c1ccc(OCCN3CCCCC3)cc1)O2,7.397940008672037,1,0.9481306738886196,1,38
CHEMBL378883,CCCC1=C2c3ccc4[nH]nnc4c3CC2(CC)CCC1=O,7.958607314841775,1,0.9452107652013169,1,39
CHEMBL4224834,O=C(/C=C/c1ccc(C2=C(c3ccc(O)cc3)CCOc3cc(F)ccc32)cc1)N1CCN(Cc2ccccc2)CC1,7.142667503568731,1,0.9423670798280648,1,40
CHEMBL362966,N#Cc1cc(-c2ccc(O)cc2)cc2ccc(O)c(Br)c12,7.920818753952375,1,0.9419450851489841,1,41
CHEMBL196283,CN(C)CCOc1ccc(Cn2c3ccccc3c3sc4cc(O)ccc4c32)cc1,7.341035157335565,1,0.9376557840617455,1,42
CHEMBL367588,Oc1ccc(-c2cc3cc(O)ccc3o2)cc1,8.221848749616356,1,0.936562610380928,1,43
CHEMBL215802,CCCC[C@@]12CCC(=O)C(Br)=C1c1ccc3[nH]nnc3c1C2,8.244125144327509,1,0.9356040125002116,1,44
CHEMBL195039,N#Cc1cc(O)c(Br)c2ccc(-c3ccc(O)c(F)c3)cc12,8.346787486224656,1,0.9326842755037579,1,45
CHEMBL361258,COc1cc(O)c(Cl)c2cc(-c3ccc(O)cc3)oc12,8.602059991327963,1,0.9309403513016892,1,46
CHEMBL364419,O=Cc1cc(O)cc2cc(-c3ccc(O)cc3)oc12,8.18045606445813,1,0.9294693346266754,1,47
CHEMBL214693,CCCCC12CCC(=O)C(Br)=C1c1ccc3[nH]nnc3c1C2,8.744727494896694,1,0.929019117053664,1,48
CHEMBL183033,COc1cc(O)cc2cc(-c3ccc(O)c(F)c3)oc12,8.0,1,0.9285736790298618,1,49
CHEMBL306636,CCCC1Oc2cc(O)ccc2N=C1c1ccc(O)cc1,6.494850021680094,0,0.9285142627077332,1,50
CHEMBL371624,N#Cc1cc(-c2ccc(O)cc2)cc2ccc(O)cc12,8.638272163982407,1,0.925435643926992,1,51
CHEMBL77620,Cc1cc(O)cc2c1N=C(c1ccc(O)c(Br)c1)C(C)O2,7.045757490560675,1,0.9252363211261935,1,52
CHEMBL377848,CCCC1=C2c3ccc4[nH]nnc4c3CC2(CCC)CCC1=O,7.638272163982407,1,0.9251075056613225,1,53
CHEMBL363367,Oc1ccc(-c2cc(Cl)c3cc(O)ccc3c2)cc1,8.638272163982407,1,0.9242022313783766,1,54
CHEMBL371126,Cc1c(O)cc(C#N)c2cc(-c3ccc(O)c(F)c3)ccc12,8.221848749616356,1,0.9237705900180203,1,55
CHEMBL192154,N#Cc1cc(-c2ccc(O)c(F)c2)cc2ccc(O)cc12,8.568636235841012,1,0.9231388459276166,1,56
CHEMBL195878,Oc1ccc(-c2ccc3cc(O)ccc3c2)c(F)c1,8.698970004336019,1,0.9229229358427612,1,57
CHEMBL213481,CCC1=C2c3ccc4[nH]nnc4c3CC2(CC)CCC1=O,7.744727494896693,1,0.9179489531087764,1,58
CHEMBL205119,C=Cc1cc(O)cc2c1-c1ccc(O)c(C)c1CC2,7.920818753952375,1,0.9179204160991133,1,59
CHEMBL362272,COc1cc(O)c(Br)c2cc(-c3ccc(O)c(F)c3)oc12,8.481486060122112,1,0.9169515570821941,1,60
CHEMBL427180,COc1cc(O)ccc1-c1ccc2cc(O)ccc2c1,7.568636235841012,1,0.9160465050037094,1,61
CHEMBL426641,N#Cc1cc(-c2c(F)cc(O)cc2F)cc2ccc(O)cc12,8.657577319177793,1,0.9108013574104756,1,62
CHEMBL213051,CCCCC1=C2c3ccc4[nH]nnc4c3CC2(CC)CCC1=O,7.366531544420414,1,0.9069251097198501,1,63
CHEMBL192849,CC#Cc1cc(O)cc2ccc(-c3ccc(O)c(F)c3)cc12,8.259637310505756,1,0.9068375331176091,1,64
CHEMBL319211,CC1(c2ccc(OCCN3CCCC3)cc2)c2ccc(O)cc2CCN1c1cccc(F)c1,6.703334809738469,1,0.9044454060288618,1,65
CHEMBL192901,O=Cc1cc(O)cc2ccc(-c3ccc(O)c(F)c3)cc12,8.958607314841775,1,0.9029229255227424,1,66
CHEMBL192621,Oc1cc(F)c(-c2ccc3cc(O)ccc3c2)c(F)c1,8.638272163982407,1,0.9028689562154769,1,67
CHEMBL363425,Oc1ccc2cc(-c3ccc(O)c(F)c3)cc(F)c2c1,8.823908740944319,1,0.8997198993948153,1,68
CHEMBL377166,CCC1=C2c3ccc4[nH]nnc4c3C[C@@]2(CC)CCC1=O,5.817015032996418,0,0.899633803631948,1,69
CHEMBL360385,N#CCc1cc(O)c(Br)c2cc(-c3ccc(O)cc3)oc12,8.698970004336019,1,0.8986107347904416,1,70
CHEMBL187313,Oc1ccc2cc(-c3nc4cc(O)ccc4o3)ccc2c1,6.283162276700475,0,0.8963614243632319,1,71
CHEMBL187314,Oc1ccc2cc(-c3nc4ccc(O)cc4o3)ccc2c1,6.273272790973428,0,0.8963614243632319,1,72
CHEMBL186874,N#CCc1cc(O)cc2cc(-c3ccc(O)c(F)c3)oc12,8.0,1,0.8944022915247549,1,73
CHEMBL365941,O=Cc1cc(-c2ccc(O)c(F)c2)cc2ccc(O)cc12,8.468521082957745,1,0.8933048961289438,1,74
CHEMBL4592754,CS(=O)(=O)c1ccc(C(CCCCO)=C(c2ccc(F)cc2)c2ccc(F)cc2)cc1,6.7447274948966935,1,0.8916108308235892,1,75
CHEMBL385949,CCC1=C2c3ccc4[nH]nnc4c3C[C@]2(CC)CCC1=O,8.244125144327509,1,0.8908265678610985,1,76
CHEMBL199599,Cn1cccc1-c1nc2ccccc2n1-c1ccc(O)cc1,7.55129368009492,1,0.8897059765112723,1,77
CHEMBL384709,CCCC[C@@]12CCC(=O)C(C(F)(F)F)=C1c1ccc3[nH]nnc3c1C2,8.494850021680094,1,0.8894479253003982,1,78
CHEMBL191759,C#Cc1cc(O)cc2ccc(-c3ccc(O)c(F)c3)cc12,8.920818753952375,1,0.8863520733260066,1,79
CHEMBL212392,CCCC12CCC(=O)C(C)=C1c1ccc3[nH]nnc3c1C2,7.0915149811213505,1,0.8847786198722547,1,80
CHEMBL371308,Oc1ccc2c(c1)sc1c3ccccc3n(Cc3ccc(OCCN4CCCC4)cc3)c21,7.268411234813261,1,0.8846494877516717,1,81
CHEMBL4447475,CS(=O)(=O)c1ccc(C(CCCO)=C(c2ccc(F)cc2)c2ccc(F)cc2)cc1,5.522878745280337,0,0.8841653862731921,1,82
CHEMBL77609,CCC1Oc2cc(O)cc(C)c2N=C1c1ccc(O)c(Br)c1,7.045757490560675,1,0.8828928117240007,1,83
CHEMBL316132,Oc1ccc2c(c1)S[C@H](C1CCCCCC1)[C@H](c1ccc(OCCN3CCCCC3)cc1)O2,7.552841968657781,1,0.8821113280030117,1,84
CHEMBL377046,CCCC[C@]12CCC(=O)C(CC)=C1c1ccc3[nH]nnc3c1C2,6.616184634019569,1,0.8815492898751732,1,85
CHEMBL441366,CCCC[C@@]12CCC(=O)C(CC)=C1c1ccc3[nH]nnc3c1C2,8.292429823902063,1,0.8815492898751732,1,86
CHEMBL195290,C=Cc1cc(-c2ccc(O)c(F)c2)cc2ccc(O)cc12,8.356547323513812,1,0.8810168574923859,1,87
CHEMBL192390,N#Cc1cc(O)c(Cl)c2ccc(-c3ccc(O)c(F)c3)cc12,8.585026652029182,1,0.8802914379689482,1,88
CHEMBL192386,Oc1ccc(-c2cc(F)c3cc(O)ccc3c2)cc1,8.795880017344075,1,0.8766555035220708,1,89
CHEMBL363177,Oc1cc(F)c(-c2ccc3c(Cl)c(O)ccc3c2)cc1F,8.070581074285707,1,0.8761742973137105,1,90
CHEMBL385028,CCC12CCC(=O)C(Br)=C1c1ccc3[nH]nnc3c1C2,7.221848749616356,1,0.8742218851265577,1,91
CHEMBL192218,N#Cc1cc(O)c(Cl)c2ccc(-c3ccc(O)cc3)cc12,8.522878745280337,1,0.8706190736562519,1,92
CHEMBL315866,Oc1ccc2c(c1)CCN(c1ccccc1)C2Cc1ccccc1,7.1778319206319825,1,0.8700569971615981,1,93
CHEMBL426073,Oc1ccc(-c2nn3c(C(F)(F)F)cc(C(F)(F)F)nc3c2-c2ccc(O)cc2)cc1,6.221848749616356,0,0.8673448503195414,1,94
CHEMBL187115,COc1cc(O)c(C#N)c2cc(-c3ccc(O)cc3)oc12,7.494850021680094,1,0.8651728451253121,1,95
CHEMBL191901,Oc1ccc(-c2cc(F)c3c(Cl)c(O)ccc3c2)cc1F,8.602059991327963,1,0.8644944219038196,1,96
CHEMBL195807,N#Cc1cc(-c2ccc(O)cc2)cc2ccc(O)c(Cl)c12,8.221848749616356,1,0.8634983467054586,1,97
CHEMBL412907,Oc1ccc2c(c1)CCN(c1ccccc1)C2C1CCCCC1,7.00436480540245,1,0.8633312255279949,1,98
CHEMBL447837,Oc1ccc(-c2ccc3c(Cl)c(O)ccc3c2)c(F)c1,8.920818753952375,1,0.8629462243788234,1,99
CHEMBL5209099,CNCCOc1ccc(N2Nc3c(c(=O)oc4cc(O)ccc34)-c3ccc(O)cc32)cc1,7.54030602352203,1,0.8604514616210879,1,100
CHEMBL380188,CCCCC12CCC(=O)C(CCC)=C1c1ccc3[nH]nnc3c1C2,7.236572006437063,1,0.8565165617488602,1,101
CHEMBL4544403,CS(=O)(=O)c1ccc(C(CCCCO)=C(c2ccccc2)c2ccccc2)cc1,5.853871964321762,0,0.8526789586442058,1,102
CHEMBL192000,N#Cc1cc(O)cc2ccc(-c3ccc(O)c(F)c3)cc12,8.67778070526608,1,0.8523096218204302,1,103
CHEMBL184151,N#CCc1cc(O)cc2cc(-c3ccc(O)cc3)oc12,7.853871964321762,1,0.8438930213740057,1,104
CHEMBL313825,CC(C)[C@H]1Sc2cc(O)ccc2O[C@H]1c1ccc(OCCN2CCCCC2)cc1,6.978810700930062,1,0.842708177931706,1,105
CHEMBL3931922,COC[C@@H]1CC2C(CC[C@@]3(C)C2CC[C@@H]3O)c2ccc(O)cc21,7.096910013008056,1,0.8253904725733602,1,106
CHEMBL307205,CC1(C)Oc2cc(O)ccc2N=C1c1ccc(O)cc1,5.251811972993799,0,0.8236173996681009,1,107
CHEMBL372411,Cc1nocc1-c1nc2ccccc2n1-c1ccc(O)cc1,7.844663962534938,1,0.8192919700978843,1,108
CHEMBL191710,Oc1ccc(-c2ccc3c(Cl)c(O)ccc3c2)c(Cl)c1,8.481486060122112,1,0.8077200216394471,1,109
CHEMBL191808,Oc1ccc(-c2ccc3c(Cl)c(O)ccc3c2)cc1F,8.397940008672037,1,0.8005868111905408,1,110
CHEMBL183152,N#CCc1cc(O)c(Cl)c2cc(-c3ccc(O)cc3)oc12,8.102372908709558,1,0.7983752070951616,1,111
CHEMBL74758,CCC1Oc2cc(O)ccc2N=C1c1ccc(O)cc1,6.698970004336019,1,0.7917937480077325,1,112
CHEMBL191238,N#Cc1cc(-c2ccc(O)c(F)c2)cc2ccc(O)c(Cl)c12,7.958607314841775,1,0.7851245826956036,1,113
CHEMBL5207726,O=C(c1ccc(OCCN2C(=O)CCC2=O)cc1)c1c(-c2ccc(O)cc2)oc(=O)c2cc(O)ccc12,5.241693818274693,0,0.7795047976295303,1,114
CHEMBL191648,C=Cc1cc(O)cc2ccc(-c3ccc(O)c(F)c3)cc12,8.136677139879545,1,0.7738421259209932,1,115
CHEMBL207101,Oc1cc(O)c2c(=S)n(-c3ccc(O)c(F)c3)cnc2c1,6.991399828238082,1,0.7723760321149864,1,116
CHEMBL489,CC/C(=C(\c1ccc(O)cc1)c1ccc(OCCN(C)C)cc1)c1ccccc1,8.774690718274137,1,0.7701710553750278,1,117
CHEMBL388418,Cc1c(/C=N/O)c2ccccc2n1-c1ccc(O)cc1,7.920818753952375,1,0.7615395804339088,1,118
CHEMBL195311,Oc1ccc(-c2ccc3cc(O)ccc3c2)c(Cl)c1,8.853871964321762,1,0.757750785397586,1,119
CHEMBL193146,Oc1ccc(-c2cc(F)c3c(Cl)c(O)ccc3c2)cc1,8.958607314841775,1,0.7564117146139849,1,120
CHEMBL328388,CC1(c2ccc(OCCN3CCCC3)cc2)c2ccc(O)cc2CCN1c1cccc(O)c1,6.721246399047171,1,0.7552339693098844,1,121
CHEMBL193518,O=c1oc2cc(O)ccc2c(Cc2ccccc2)c1-c1ccc(Cl)cc1,6.6020599913279625,1,0.7523395545280059,1,122
CHEMBL3960585,COC[C@@H]1C[C@@H]2[C@H](CCC3C(O)CC[C@H]32)c2ccc(O)cc21,7.67778070526608,1,0.7512461425388004,1,123
CHEMBL5562856,CCC(=C(c1ccc(O)cc1)c1ccc(OCCNCCCCCCN)cc1)c1ccccc1,5.045757490560675,0,0.7459008202948259,1,124
CHEMBL192260,Oc1cc(F)c(-c2ccc3c(Cl)c(O)ccc3c2)c(F)c1,8.468521082957745,1,0.7458611259179796,1,125
CHEMBL391619,CCCN1CC(c2ccc(O)cc2)Cc2ccc(O)cc21,6.853871964321762,1,0.7424718013347327,1,126
CHEMBL239938,CCN1CC(c2ccc(O)cc2)Cc2ccc(O)cc21,7.080921907623926,1,0.7385292265928632,1,127
CHEMBL232023,Cc1c(/C=N/O)c2ccccc2n1-c1ccc(O)c(F)c1,8.094204119632131,1,0.7310520993845616,1,128
CHEMBL191716,Oc1ccc2cc(-c3cc(F)c(O)c(F)c3)ccc2c1,8.075720713938118,1,0.7303146524279768,1,129
CHEMBL419110,CC(C)(C)[C@H]1Sc2cc(O)ccc2O[C@H]1c1ccc(OCCN2CCCCC2)cc1,7.366531544420414,1,0.7295569587168326,1,130
CHEMBL4213948,O=S(=O)(Oc1cccc(C(F)(F)F)c1)C1CC2OC1C(c1ccc(/C=C/c3cc(O)cc(O)c3)cc1)=C2c1ccc(O)cc1,7.376750709602099,1,0.7212503627265782,1,131
CHEMBL194936,Oc1ccc(-c2ccc3c(Br)c(O)ccc3c2)cc1,7.886056647693163,1,0.7206665481978735,1,132
CHEMBL192068,Oc1ccc2cc(-c3cc(F)c(O)c(F)c3)ccc2c1Cl,7.97469413473523,1,0.7196736806669558,1,133
CHEMBL377457,CCCCC12CCC(=O)C(C)=C1c1ccc3[nH]nnc3c1C2,7.568636235841012,1,0.7129817291794778,1,134
CHEMBL194762,N#Cc1cc(O)cc2ccc(-c3ccc(O)cc3)cc12,8.698970004336019,1,0.7095933903874461,1,135
CHEMBL195280,N#Cc1cc(-c2ccc(O)c(F)c2)cc2ccc(O)c(F)c12,8.2518119729938,1,0.7028839489108452,1,136
CHEMBL371564,N#Cc1cc(O)c(C#N)c2ccc(-c3ccc(O)c(F)c3)cc12,7.552841968657781,1,0.7016670423838203,1,137
CHEMBL200483,Oc1ccc(-n2c(-c3ccccc3)nc3ccccc32)cc1,6.863279432843593,1,0.7015957360190505,1,138
CHEMBL201365,Oc1ccc(-n2c(-c3ccccc3Cl)nc3ccccc32)cc1,6.826813731587726,1,0.6981178349715772,1,139
CHEMBL372030,Cc1c(O)ccc2cc(-c3ccc(O)cc3)ccc12,7.769551078621726,1,0.6925688145925669,1,140
CHEMBL1076438,CC1(C)[C@H](O)CC[C@]2(C)[C@@]3(C)c4[nH]c5ccccc5c4C[C@@H]3CC[C@@]12O,5.522878745280337,0,0.6887488047297325,1,141
CHEMBL195154,N#Cc1cc(-c2cc(F)c(O)c(F)c2)cc2ccc(O)cc12,7.236572006437063,1,0.6739810457207829,1,142
CHEMBL94225,Oc1cccc([C@H]2Sc3cc(O)ccc3O[C@H]2c2ccc(OCCNC3CCCCCC3)cc2)c1,6.987162775294828,1,0.6708174865215911,1,143
CHEMBL192782,Oc1ccc(-c2ccc3c(F)c(O)ccc3c2)cc1,8.154901959985743,1,0.6699868979183895,1,144
CHEMBL2403348,CCC(CC)(c1ccc(N)c(C)c1)c1ccc(O)c(C)c1,7.366531544420414,1,0.6699759994393947,1,145
CHEMBL4517877,CS(=O)(=O)c1ccc(C(CCCO)=C(c2ccccc2)c2ccccc2)cc1,5.823908740944319,0,0.6658936184237599,1,146
CHEMBL195208,CCc1cc(O)cc2ccc(-c3ccc(O)c(F)c3)cc12,8.602059991327963,1,0.6658859043455654,1,147
CHEMBL195389,Cc1cc(O)ccc1-c1ccc2cc(O)ccc2c1,8.0,1,0.6637123959030918,1,148
CHEMBL219467,CN(C)CCOc1ccc(-c2c(-c3ccc(O)cc3)nn3c(C(F)(F)F)cc(C(F)(F)F)nc23)cc1,6.6020599913279625,1,0.66251537430656,1,149
CHEMBL193064,CCc1cc(-c2ccc(O)c(F)c2)cc2ccc(O)cc12,8.619788758288394,1,0.659617731494026,1,150
CHEMBL691,C#C[C@]1(O)CC[C@H]2[C@@H]3CCc4cc(O)ccc4[C@H]3CC[C@@]21C,7.750068243365805,1,0.639343335179336,1,151
CHEMBL1258901,C[C@]12CC[C@@H]3c4ccc(O)cc4CC[C@H]3[C@@H]1CC[C@@]2(O)/C=C/CC(F)(F)C(F)(F)C(F)(F)F,4.906000107587046,0,0.6108299638531215,1,152
CHEMBL193727,Oc1ccc2cc(-c3ccc(O)c(F)c3)ccc2c1,8.301029995663981,1,0.6080975826676621,1,153
CHEMBL319678,CC1(c2ccc(OCCN3CCCC3)cc2)c2ccc(O)cc2CCN1c1cccc(Cl)c1,6.565431095965801,1,0.6071068452564926,1,154
CHEMBL1087811,Oc1ccc2c(c1)O[C@H](c1ccc(OCCN3CCOCC3)cc1)C1=C2CCOc2cc(O)ccc21,7.455931955649724,1,0.5953942938708833,1,155
CHEMBL211349,CC[C@@]12CCC(=O)C(c3ccccc3)=C1c1ccc3[nH]ncc3c1C2,8.853871964321762,1,0.5902582500852531,1,156
CHEMBL372808,Cc1c(-c2ccc(O)cc2)n(Cc2ccc(OC[C@H](C)N3CCCC3)cc2)c2ccc(O)cc12,8.638272163982407,1,0.5840754393500308,1,157
CHEMBL182237,Cc1cc(C)nc(N2CCN(c3ccc(C(=O)c4c(-c5ccc(O)cc5)sc5cc(O)ccc45)cc3)CC2)n1,7.177047759452519,1,0.5805066453058979,1,158
CHEMBL192876,Oc1ccc(-c2cc(Cl)c3c(Cl)c(O)ccc3c2)cc1,8.045757490560675,1,0.577595113943783,1,159
CHEMBL74027,CC1(C)Oc2cc(O)cc(O)c2N=C1c1ccc(O)c(Br)c1,5.769551078621726,0,0.566304525951708,1,160
CHEMBL77466,CCC1Oc2cc(O)cc(O)c2N=C1c1ccc(O)c(Br)c1,5.958607314841775,0,0.5659205326433135,1,161
CHEMBL194873,Oc1cccc(-c2ccc3ccc(O)cc3c2)c1,6.247183568811728,0,0.5586772973973972,1,162
CHEMBL1087812,Oc1ccc2c(c1)O[C@@H](c1ccc(OCCN3CCOCC3)cc1)C1=C2CCOc2cc(O)ccc21,7.958607314841775,1,0.5532371839494016,1,163
CHEMBL5400213,Cc1cn(C2=CCC3C4CC=C5C[C@@H](NC(=O)c6ccc(F)cc6)CC[C@]5(C)C4CC[C@]23C)cn1,6.302770657240282,0,0.5517484194246132,1,164
CHEMBL185383,O=S1(=O)CCN(CCOc2ccc([C@@H]3Oc4ccc(O)cc4S[C@@H]3c3ccc(O)cc3)cc2)CC1,6.607303046740334,1,0.549065191985718,1,165
CHEMBL191300,Cc1cc(O)ccc1-c1ccc2c(Cl)c(O)ccc2c1,7.886056647693163,1,0.5477460990334425,1,166
CHEMBL191974,Oc1ccc(-c2ccc3cc(O)ccc3c2)cc1,7.787812395596042,1,0.5417449786625208,1,167
CHEMBL195786,COc1c(O)ccc2cc(-c3ccc(O)cc3)ccc12,6.943095148663527,1,0.5325515071613283,1,168
CHEMBL327515,Cc1ccc(N2CCc3cc(O)ccc3C2(C)c2ccc(OCCN3CCCC3)cc2)cc1,6.349003205155718,0,0.5240407365780143,1,169
CHEMBL1258783,C[C@]12CC[C@@H]3c4ccc(O)cc4CC[C@H]3[C@@H]1CC[C@@]2(O)/C=C/CC(F)(C(F)(F)F)C(F)(F)F,4.805000019433581,0,0.5226589043839075,1,170
CHEMBL1463692,CCOC(=O)CCC(NC(=O)c1ccc(NCN2C(=O)CCC2=O)cc1)C(=O)OCC,4.301029995663981,0,0.5175803313141301,1,171
CHEMBL77930,CCC1Oc2cc(O)cc(O)c2N=C1c1ccc(O)cc1,6.920818753952375,1,0.5051859467051922,1,172
CHEMBL193010,Oc1cccc(-c2ccc3c(O)cccc3c2)c1,6.688246138944246,1,0.498151150124435,0,173
CHEMBL1276308,CC#C[C@]1(O)CC[C@H]2[C@@H]3CCC4=CC(=O)CCC4=C3[C@@H](c3ccc(N(C)C)cc3)C[C@@]21C,6.090443970758825,0,0.4948879088854016,0,174
CHEMBL235496,COC(=O)C1=C(N)Oc2cc(O)ccc2C1c1ccc(OCc2ccccc2F)cc1,6.107905397309519,0,0.49163328255050814,0,175
CHEMBL208324,Oc1ccc(-n2cnc3cc(O)cc(O)c3c2=S)cc1,7.327902142064282,1,0.49059477641137483,0,176
CHEMBL195612,O=c1c(-c2cc3ccccc3o2)c(C(F)(F)F)oc2cc(O)ccc12,3.0,0,0.48965888351235587,0,177
CHEMBL5094545,CCC(=C(c1ccc(O)cc1)c1ccc(/C=C/C(=O)NCCN)cc1)c1ccccc1.O=C(O)C(F)(F)F,8.443697499232712,1,0.4895620131746948,0,178
CHEMBL4646249,Oc1ccc(C(c2ccc(O)cc2)C(F)(F)F)cc1,7.014124642691606,1,0.4878859656166859,0,179
CHEMBL395308,O/N=C/c1ccc(-c2ccc(O)cc2)c2ccccc12,8.301029995663981,1,0.48345106335156374,0,180
CHEMBL1900054,Oc1ccc(C(c2ccc(O)cc2)(C(F)(F)F)C(F)(F)F)cc1,7.156144577376839,1,0.47239854746914317,0,181
CHEMBL1325931,CC(CCC(=O)O)(c1ccc(O)cc1)c1ccc(O)cc1,4.958607314841775,0,0.4704501816451493,0,182
CHEMBL365999,Oc1ccc2cc(-c3ccc(O)c(Cl)c3)ccc2c1,7.958607314841775,1,0.4675746005920926,0,183
CHEMBL126164,Oc1ccc([C@H]2Sc3cc(O)ccc3S[C@H]2c2ccc(OCCN3CCCC3)cc2)cc1,6.575118363368933,1,0.4631225009606966,0,184
CHEMBL279301,CC/C(=C(/c1ccc(O)cc1)c1ccc(OCCN(C)C)cc1)c1ccccc1,8.774690718274137,1,0.4592204519844315,0,185
CHEMBL195058,Oc1ccc2cc(-c3ccccc3O)ccc2c1,5.698970004336019,0,0.4572376734007867,0,186
CHEMBL364502,N#Cc1c(O)ccc2cc(-c3ccc(O)cc3)ccc12,7.0915149811213505,1,0.45175045292030835,0,187
CHEMBL195217,Oc1cccc(-c2ccc3cc(O)ccc3c2)c1,7.522878745280337,1,0.4501002587535007,0,188
CHEMBL457035,CC#C[C@@]1(O)CC[C@@]2(CC)c3ccc(OCc4ccncc4)cc3CC[C@@H]2C1,5.455931955649724,0,0.4456321099424135,0,189
CHEMBL5026136,O=C1c2ccccc2C(c2ccc(O)cc2)(c2ccc(O)cc2)N1c1ccccc1,3.6020599913279625,0,0.43846842621322174,0,190
CHEMBL206648,O=c1c2c(O)cc(O)cc2ncn1-c1ccc(O)cn1,5.452102282436902,0,0.42562650256611606,0,191
CHEMBL4203715,O=S(=O)(Oc1ccc(Br)cc1)C1CC2OC1C(c1ccc(/C=C/c3cc(O)cc(O)c3)cc1)=C2c1ccc(O)cc1,5.596879478824182,0,0.41989239325253847,0,192
CHEMBL4297509,CCNCCc1ccc(CN(CC)c2cc(OC)ccc2[C@@H]2CCc3cc(O)ccc3C2)cc1,6.060480747381382,0,0.4191642370192103,0,193
CHEMBL89994,O=C(N1CCc2cc(O)ccc2C1c1ccc(OCCN2CCCC2)cc1)C(F)(F)F,7.0301183562535,1,0.41169039066076135,0,194
CHEMBL232022,O/N=C/c1cn(-c2ccc(O)cc2)c2ccccc12,6.694648630553376,1,0.4032365330158679,0,195
CHEMBL786,CC/C(=C(\c1ccccc1)c1ccc(OCCN(C)C)cc1)c1ccccc1.O=C(O)CC(O)(CC(=O)O)C(=O)O,8.301029995663981,1,0.3915017159152465,0,196
CHEMBL496,Oc1c(Cl)cc(Cl)c(Cl)c1Cc1c(O)c(Cl)cc(Cl)c1Cl,7.007579043947976,1,0.39099766377466644,0,197
CHEMBL231810,O/N=C/c1ccc(-c2ccc(O)c(F)c2)c2ccccc12,8.397940008672037,1,0.3779840208676307,0,198
CHEMBL379314,CCC12CCC(=O)C(C)=C1c1ccc3[nH]nnc3c1C2,7.619788758288394,1,0.3765767397484858,0,199
CHEMBL3360846,O=C1[C@@H](c2ccc3ccccc3c2)[C@H](c2ccc(O)cc2)N1c1ccc(O)cc1,5.958607314841775,0,0.37362404216019685,0,200
CHEMBL364092,Oc1ccc(-c2ccc3c(Cl)c(O)ccc3c2)cc1,8.598599459218455,1,0.37040406957943,0,201
CHEMBL4793264,CC/C(=C(/c1ccc(O)cc1)c1ccc(/C=C/C(=O)NCCN)cc1)c1ccccc1.O=C(O)C(F)(F)F.O=C(O)C(F)(F)F.O=C(O)C(F)(F)F,8.370590400897282,1,0.35879465956365164,0,202
CHEMBL191715,Oc1ccc(-c2ccc3ccc(O)cc3c2)cc1,7.356547323513812,1,0.3560565926658261,0,203
CHEMBL3099429,CCCOC(=O)[C@H]1CC[C@H]2[C@@H]3CCc4cc(O)ccc4[C@H]3CC[C@]12C,8.008773924307505,1,0.3560489935057822,0,204
CHEMBL206137,Cc1cc(-n2cnc3cc(O)cc(O)c3c2=S)ccc1O,6.181774106386044,0,0.35590842075157764,0,205
CHEMBL1494897,Cc1c([C@H]2[C@@H](CC#N)C2(C)C)c2ccccc2n1C,4.301029995663981,0,0.3455395430646262,0,206
CHEMBL74757,CC1Oc2cc(O)ccc2N=C1c1ccc(O)cc1,6.481486060122112,0,0.3449378284335244,0,207
CHEMBL195788,O=[N+]([O-])c1c(O)ccc2cc(-c3ccc(O)cc3)ccc12,6.701146923590294,1,0.33272469323633497,0,208
CHEMBL77794,Oc1ccc(C2=Nc3ccc(O)cc3OC2)cc1,5.537602002101044,0,0.32530723343490503,0,209
CHEMBL1331469,CN1CCN(c2ccc(NC(=O)c3cccc(OCc4ccccc4)c3)cc2)CC1,7.100672050122346,1,0.3245163832696439,0,210
CHEMBL193726,Oc1ccc(-c2ccc3c(O)cccc3c2)cc1,8.236572006437063,1,0.3234689353049167,0,211
CHEMBL4205171,O=S(=O)(Oc1ccc(Cl)cc1)C1CC2OC1C(c1ccc(/C=C/c3cc(O)cc(O)c3)cc1)=C2c1ccc(O)cc1,5.991399828238082,0,0.30300436589212276,0,212
CHEMBL83451,Oc1ccc2c(c1)S[C@H](c1ccncc1)[C@H](c1ccc(OCCN3CCCCC3)cc1)O2,5.086080235048534,0,0.2988720335347217,0,213
CHEMBL93826,Oc1ccc(C2CN(Cc3ccccc3)Cc3cc(O)ccc32)cc1,7.882728704344236,1,0.2928579175783486,0,214
CHEMBL1464837,CCOC(=O)C1=C(O)/C(=C\c2ccc(CNC(=O)C(=O)Nc3ccc(C)c(C)c3)o2)N=C1C,4.301029995663981,0,0.2785125356130524,0,215
CHEMBL1086744,CC(C)=Cc1cc2c(cc1N)N[C@@H](CC(C)C)C(=O)N(CCC(C)C)C2,4.657577319177793,0,0.2759622737672845,0,216
CHEMBL1577175,COCCCNc1nc2c(=O)[nH]c(=O)n(C)c2[nH]1,4.301029995663981,0,0.26733222513614924,0,217
CHEMBL101997,CC1(c2ccc(OCCN3CCCC3)cc2)c2ccc(O)cc2CCN1c1ccc(F)cc1,6.690369832574101,1,0.26674002086568155,0,218
CHEMBL4212447,O=S(=O)(Oc1ccccc1Cl)C1CC2OC1C(c1ccc(/C=C/c3cc(O)cc(O)c3)cc1)=C2c1ccc(O)cc1,5.3655227298392685,0,0.26430646484338344,0,219
CHEMBL4209719,Cc1cccc(OS(=O)(=O)C2CC3OC2C(c2ccc(/C=C/c4cc(O)cc(O)c4)cc2)=C3c2ccc(O)cc2)c1,5.507239610973162,0,0.26347714981371223,0,220
CHEMBL1383031,O=C(NCc1ccc2c(c1)OCO2)c1cc2ncc(Br)cn2n1,6.439710694483655,0,0.26047370110000256,0,221
CHEMBL1782331,CCC(CC)(c1ccc(O)cc1)c1ccc(O)cc1,7.031517051446065,1,0.25727193054537123,0,222
CHEMBL4206798,Cc1ccc(OS(=O)(=O)C2CC3OC2C(c2ccc(/C=C/c4cc(O)cc(O)c4)cc2)=C3c2ccc(O)cc2)cc1,7.161150909262744,1,0.25112658530320936,0,223
CHEMBL85650,CC(C)C[C@H]1Sc2cc(O)ccc2O[C@H]1c1ccc(OCCN2CCCCC2)cc1,7.42021640338319,1,0.2475334981041283,0,224
CHEMBL1087253,CC(C)CCN1Cc2cc(CC(C)C)c(N)cc2N[C@@H](CC(C)C)C1=O,4.522878745280337,0,0.22563492254260298,0,225
CHEMBL1086388,Oc1ccc2c(c1)O[C@H](c1cccc(OCCN3CCSCC3)c1)C1=C2CCOc2cc(O)ccc21,6.0,0,0.22461894486783177,0,226
CHEMBL1082424,O=C(Oc1cccc2c(O)cccc12)c1ccc(Cl)cc1Cl,5.818156412055227,0,0.21995889602376975,0,227
CHEMBL1584646,N#CC1=C(N)OC2=C(CCC/C2=C/c2ccoc2)C1c1ccoc1,5.398483216349989,0,0.20812504668023668,0,228
CHEMBL235497,COC(=O)C1=C(N)Oc2cc(O)ccc2C1c1ccc(OCc2ccc(C)cc2)cc1,6.0385789059335515,0,0.2075512907314903,0,229
CHEMBL1346703,CC1(C)CCCC2=C1CC1C(=O)N(O)C(=O)C1C2,4.301029995663981,0,0.19826011545947486,0,230
CHEMBL1384702,COc1ccc(C(=O)c2c(C(F)(F)F)oc3c2C(=O)c2ccccc2C3=O)cc1,4.301029995663981,0,0.19535694929055514,0,231
CHEMBL239723,CN1CC(c2ccc(O)cc2)Cc2ccc(O)cc21,6.657577319177793,1,0.19204885501157068,0,232
CHEMBL426085,Oc1ccc(-c2ccc3c(Cl)c(O)ccc3c2)cc1Cl,7.494850021680094,1,0.19050058961881272,0,233
CHEMBL2403346,CCC(CC)(c1ccc(O)cc1)c1ccc(O)c(C)c1,6.42021640338319,0,0.18470082532645637,0,234
CHEMBL1473381,N#Cc1c(NC(=O)CN2CCCCC2)sc2c1CCCC2,7.4641997091751024,1,0.18098581577897144,0,235
CHEMBL1574240,CN1CC2(C)CN(C(c3ccccc3)c3ccccc3)CC(C)(C1)C2O,4.301029995663981,0,0.1806820440830207,0,236
CHEMBL1087290,Oc1ccc2c(c1)O[C@@H](c1cccc(OCCN3CCSCC3)c1)C1=C2CCOc2cc(O)ccc21,6.0,0,0.17905576253767225,0,237
CHEMBL3902818,C[C@H](NC(=O)C(F)(F)F)[C@H](Oc1ccc2c(cnn2-c2ccc(F)cc2)c1)c1ccc2ccccc2c1,5.0,0,0.17601615701178674,0,238
CHEMBL2403363,CCCC(CCC)(c1ccc(O)c(CC)c1)c1ccc(O)c(CC)c1,5.585026652029182,0,0.17252577005943615,0,239
CHEMBL4637537,CCOC(=O)C1=C(N)Oc2cc(O)ccc2C1c1ccc(OCc2ccccc2)cc1,4.0,0,0.171677353704463,0,240
CHEMBL264862,CC1Oc2cc(O)cc(O)c2N=C1c1ccc(O)cc1,6.508638306165727,1,0.16467600191820841,0,241
CHEMBL33899,CC/C(=C(\c1ccccc1)c1ccc(/C=C/C(=O)O)cc1)c1ccccc1,7.251811972993799,1,0.14866726214797008,0,242
CHEMBL232468,O=C1c2ccc(O)cc2C(=O)N1[C@H]1CC[C@H](O)CC1,5.301029995663981,0,0.14739894955203628,0,243
CHEMBL1569157,O=C(c1cc2ncc(Br)cn2n1)N1CCOCC1,5.038023459273866,0,0.14290981519452384,0,244
CHEMBL2071182,O=C(Oc1cccc2c(O)cccc12)c1ccc(Br)cc1,5.361510743045363,0,0.13366079020957708,0,245
CHEMBL241485,C[C@H](CCc1ccc(O)cc1)NC(=O)Cc1c(-c2ccccc2)[nH]c2cc(OCCN3CCCC3)ccc12,5.323397830417981,0,0.13173651562766747,0,246
CHEMBL1562870,Cc1ccc(S(=O)(=O)Cc2ccc(C(=O)N3CCN(Cc4ccccc4)CC3)o2)cc1,4.715671478390432,0,0.12946781536126006,0,247
CHEMBL74022,Oc1ccc(C2=Nc3c(O)cc(O)cc3OC2)cc1,5.552841968657781,0,0.12946435740086656,0,248
CHEMBL94080,CCOC(=O)N1CCc2cc(O)ccc2C1c1ccc(OCCN2CCCC2)cc1,6.53313237964589,1,0.12799533691315063,0,249
CHEMBL1597328,CC1CCCC(C)N1CC(=O)Nc1sc2c(c1C#N)CCCC2,7.429223631205252,1,0.1262999041682993,0,250
CHEMBL4649834,Oc1ccc(P(=S)(c2ccccc2)c2ccccc2)cc1,4.886056647693163,0,0.12326504896982977,0,251
CHEMBL1340051,NC(=O)Cn1c(=O)n(Cc2ccco2)c(=O)c2c3c(sc21)CCCCC3,7.638272163982407,1,0.12199241886449898,0,252
CHEMBL4169339,CNC(=O)c1ccc2nc(C)c3nnc(-c4ccccc4Cl)n3c2c1,8.599980364934842,1,0.11843543619914217,0,253
CHEMBL294889,CC1=CC[C@@]2(CO)COC(c3ccc(O)cc3)[C@@H]1C2,6.070581074285707,0,0.11596760064952406,0,254
CHEMBL2403355,CCC(CC)(c1ccc(O)c(C)c1)c1ccc(O)c(C)c1,6.585026652029182,1,0.11547085754003084,0,255
CHEMBL100763,CC1(c2ccc(OCCN3CCCC3)cc2)c2ccc(O)cc2CCN1c1ccc(Cl)cc1,6.275003635655733,0,0.11498507932400664,0,256
CHEMBL438616,CCC12CCC(=O)C=C1c1ccc3[nH]nnc3c1C2,5.516983579855868,0,0.11438954892272608,0,257
CHEMBL1431081,CC1CCc2c(sc(NC(=O)c3ccc(Cn4cc([N+](=O)[O-])cn4)o3)c2C#N)C1,4.953887401772371,0,0.11371583744266564,0,258
CHEMBL2086965,O=C(N/N=C/c1cc(Br)ccc1O)c1cc2ccccc2cc1O,4.0,0,0.11332597307130307,0,259
CHEMBL2403360,CCc1cc(C(CC)(CC)c2ccc(O)c(CC)c2)ccc1O,5.886056647693163,0,0.09913355346301267,0,260
CHEMBL377295,CCOC(=O)C1=C(O)/C(=C\c2ccc(CNC(=O)C(=O)Nc3ccccc3)o2)N=C1C,5.8061799739838875,0,0.09686161015236155,0,261
CHEMBL480406,Cc1cc(C(C)(C)c2cc(C)c(O)c(C)c2)cc(C)c1O,3.6020599913279625,0,0.09503823862996451,0,262
CHEMBL4218435,COc1cc(/C=C/c2ccc(C3=C(c4ccc(O)cc4)C4CC(S(=O)(=O)Oc5cccc(OC)c5)C3O4)cc2)cc(OC)c1,6.189767482004916,0,0.0945516591109119,0,263
CHEMBL1084260,Cc1ccc(C(=O)Oc2cccc3c(O)cccc23)cc1,5.407823242604133,0,0.09066838246918088,0,264
CHEMBL1466894,COc1ccc(N2CCN(C(=O)CCCn3c(=O)[nH]c4ccsc4c3=O)CC2)cc1,4.301029995663981,0,0.08784945510803562,0,265
CHEMBL2403347,CCC(CC)(c1cc(C)c(O)c(C)c1)c1cc(C)c(O)c(C)c1,6.522878745280337,1,0.08231575956051697,0,266
CHEMBL3208992,CN1C(=O)CC(C(=O)O)S/C1=N/c1cc(Cl)c(O)c(Cl)c1,4.570204938447688,0,0.07911266374680978,0,267
CHEMBL70117,O=S1(=O)c2cc(O)ccc2O[C@H](c2ccc(OCCN3CCCCC3)cc2)[C@@H]1c1ccc(O)cc1,5.22548303427145,0,0.06972260373688033,0,268
CHEMBL1082743,COc1ccc(C(=O)Oc2cccc3c(O)cccc23)cc1,5.573488738635424,0,0.06941929933907218,0,269
CHEMBL2071183,O=C(/C=C/c1ccccc1)Oc1cccc2c(O)cccc12,5.048662481204082,0,0.06743904185791173,0,270
CHEMBL194718,Oc1ccc2ccc(-c3ccccc3)cc2c1,6.278189384787453,0,0.06718824752547363,0,271
CHEMBL194772,Oc1ccc(-c2ccc3ccccc3c2)cc1,6.610833915635467,1,0.0668535714311677,0,272
CHEMBL1327407,Cc1cccc(C(=O)Oc2cccc3c(O)cccc23)c1,5.549750891680639,0,0.06621058077261706,0,273
CHEMBL4515823,CS(=O)(=O)c1ccc(C(CCCCO[N+](=O)[O-])=C(c2ccccc2)c2ccccc2)cc1,5.886056647693163,0,0.0638016350153204,0,274
CHEMBL1383746,O=C(c1ccc2nc(-c3ccco3)c(-c3ccco3)nc2c1)N1CCC2(CC1)OCCO2,5.047358157851855,0,0.061666401649148606,0,275
CHEMBL1423417,N#Cc1cc2c(nc1SCc1ccccc1)CCC2,7.594995334949631,1,0.059649826887604174,0,276
CHEMBL3261407,Cc1cc(C)c(S(=O)(=O)N[C@@H](C)CNc2cccc3c2cnn3-c2ccc(F)cc2)c(C)c1,5.301029995663981,0,0.05941334696257164,0,277
CHEMBL1420817,COc1ccc(NC(=O)CSc2nc3c(cc2C#N)CN(C)CC3)cc1,4.301029995663981,0,0.059349551616198676,0,278
CHEMBL2403351,CCCCC(CCCC)(c1ccc(O)c(CC)c1)c1ccc(O)c(CC)c1,5.346787486224656,0,0.0582060812386322,0,279
CHEMBL1396046,CC1CCCCN1CC(=O)Nc1sc2c(c1C#N)CCCC2,7.520856752021387,1,0.05780065091087257,0,280
CHEMBL3195623,Oc1ccc(/C=N/c2ccc(N3CCOCC3)cc2)c(O)c1,4.840656327434735,0,0.05638049421096259,0,281
CHEMBL1484998,O=C(NCc1ccco1)c1cc2cc3ccc(Cl)cc3nc2o1,4.301029995663981,0,0.05628018864273727,0,282
CHEMBL2392656,CC(c1ccc(O)cc1)c1ccc(O)cc1,5.619788758288394,0,0.056254429480445116,0,283
CHEMBL1473,CCC(=O)O[C@]1(C(=O)SCF)[C@H](C)C[C@H]2[C@@H]3C[C@H](F)C4=CC(=O)C=C[C@]4(C)[C@@]3(F)[C@@H](O)C[C@@]21C,5.0,0,0.05619790929203009,0,284
CHEMBL191714,Oc1ccc2cc(-c3ccccc3)ccc2c1,6.427128397799519,0,0.05513254400684211,0,285
CHEMBL1530431,COCCCn1c(Cc2csc(Nc3cccc(Cl)c3)n2)nnc1SCC(=O)OC,4.769884335866381,0,0.05351638881277836,0,286
CHEMBL418971,CC(C)(c1ccc(O)cc1)c1ccc(O)cc1,6.173925197299173,0,0.05256602796449666,0,287
CHEMBL1676,C[C@@H]1C[C@H]2[C@@H]3C[C@H](F)C4=CC(=O)C=C[C@]4(C)[C@@]3(F)[C@@H](O)C[C@]2(C)[C@@]1(OC(=O)c1ccco1)C(=O)SCF,5.301029995663981,0,0.051672596473063805,0,288
CHEMBL2403362,CCCCC(CCCC)(c1ccc(O)cc1)c1ccc(O)cc1,6.7447274948966935,1,0.048717117793099354,0,289
CHEMBL3198515,CC(=N)/C(C#N)=C(/O)CSc1nnc(COc2ccccc2Cl)o1,5.046163504354768,0,0.0468559015143332,0,290
CHEMBL1424486,Nc1nc(-c2ccco2)c(-c2ccco2)s1,3.9947352545519497,0,0.04532381927386194,0,291
CHEMBL4537514,CS(=O)(=O)c1ccc(C(CCCO[N+](=O)[O-])=C(c2ccccc2)c2ccccc2)cc1,5.568636235841012,0,0.044790073311380116,0,292
CHEMBL1347312,CCOc1ccc2nc(O)c(O)nc2c1,4.301029995663981,0,0.04470611298675175,0,293
CHEMBL198666,O=C(Nc1ccccc1C(=O)O)c1ccccc1,4.301029995663981,0,0.044387317998799705,0,294
CHEMBL1299291,CC(C)CSc1nc2c(c(=O)[nH]c(=O)n2C)n1CC(O)COc1cccc2ccccc12,4.301029995663981,0,0.04233746424228269,0,295
CHEMBL2403357,CCCCC(CCCC)(c1ccc(O)c(C)c1)c1ccc(O)c(C)c1,6.823908740944319,1,0.04084113634075786,0,296
CHEMBL98470,CC(C)c1ccc(N2CCc3cc(O)ccc3C2(C)c2ccc(OCCN3CCCC3)cc2)cc1,5.704652851666382,0,0.039289297117938445,0,297
CHEMBL2403356,CCCC(CCC)(c1ccc(O)c(C)c1)c1ccc(O)c(C)c1,6.853871964321762,1,0.036128156206685864,0,298
CHEMBL1539824,COc1ccc(NC(=O)c2cc(-c3ccc(C)o3)nc3ccccc23)cc1OC,4.607707286927964,0,0.03534206490330386,0,299
CHEMBL1613004,Oc1ccc(-c2cn3c(n2)SCC3)cc1O,4.969776046590395,0,0.03459175871627429,0,300
CHEMBL1427567,N#Cc1cc2c(=O)n3ccccc3nc2n(CCCn2ccnc2)c1=N,4.301029995663981,0,0.03453360552787691,0,301
CHEMBL240157,CS(=O)(=O)N1CC(c2ccc(O)cc2)Cc2ccc(O)cc21,6.2839966563652006,0,0.033939687177250565,0,302
CHEMBL1381306,COc1ccc2c(c1)c(=O)oc1cc(OCC(=O)N3CCC(C)CC3)ccc12,5.275006907929075,0,0.03343802892611884,0,303
CHEMBL3192116,CC(=N)/C(C#N)=C(/O)CSc1nnc(Nc2ccccc2C)s1,4.911903974597462,0,0.03334953027930428,0,304
CHEMBL371311,C[C@]12Cc3cnn(-c4ccc(F)cc4)c3C=C1CCC21OCCO1,5.0,0,0.03115479203804081,0,305
CHEMBL1421887,O=C(Cc1ccc(S(=O)(=O)N2CCOCC2)s1)Nc1nc2c(s1)CCCC2,5.277858227619344,0,0.029864070705753327,0,306
CHEMBL2403361,CCCC(CCC)(c1ccc(O)cc1)c1ccc(O)cc1,5.657577319177793,0,0.028874859067710267,0,307
CHEMBL195723,C=C[C@H]1OC2(CCC3=Cc4c(cnn4-c4ccc(F)cc4)C[C@@]32C)O[C@@H]1C=C,5.0,0,0.028094630119406248,0,308
CHEMBL1466145,Cc1nn(C)c(C)c1CN(C)C(=O)c1cnn2c1NC(c1ccccc1)CC2C(F)(F)F,4.301029995663981,0,0.02656603524871691,0,309
CHEMBL323119,CN(C)c1cccc(N2CCc3cc(O)ccc3C2(C)c2ccc(OCCN3CCCC3)cc2)c1,5.656591406196142,0,0.026002896504415684,0,310
CHEMBL3578274,C[C@H](c1ccc(F)cc1)N1C(=O)O[C@](Cc2ccccc2)(c2nc3cc(C(F)(F)F)ccc3[nH]2)C1=O,5.568636235841012,0,0.025984150796638045,0,311
CHEMBL194012,C[C@H]1OC2(CCC3=Cc4c(cnn4-c4ccc(F)cc4)C[C@@]32C)O[C@@H]1C,5.0,0,0.02564014588280167,0,312
CHEMBL4168797,CNC(=O)c1ccc2nc(C)c3nnc(-c4cc(OCC(C)C)ccc4Cl)n3c2c1,9.199970640755865,1,0.024466095885659744,0,313
CHEMBL1578407,CCOc1c(C(N)=O)c(-c2ccccc2)c2c(O)nc3ccccc3n12,4.301029995663981,0,0.023452871565943376,0,314
CHEMBL522990,CN(c1ccccc1C(=O)O)S(=O)(=O)c1ccc2c3c(cccc13)C(=O)N2,5.210557494432033,0,0.023113608746927868,0,315
CHEMBL4588609,CS(=O)(=O)c1ccc(C(CCCO[N+](=O)[O-])=C(c2ccc(F)cc2)c2ccc(F)cc2)cc1,5.301029995663981,0,0.021423709566772406,0,316
CHEMBL1496995,c1coc(-c2nn3c(-c4ccco4)nnc3s2)c1,4.619953278481393,0,0.01987619065893028,0,317
CHEMBL1496473,CC1=CC2(O)OCCN(CCO)C2=CC1=O,7.638272163982407,1,0.019764806219744004,0,318
CHEMBL3578295,C[C@H](c1ccc(F)cc1)N1C(=O)O[C@](Cc2ccccc2)(c2nc3c(NS(C)(=O)=O)cccc3[nH]2)C1=O,5.136677139879544,0,0.019024520370705764,0,319
CHEMBL3212046,CC(=N)/C(C#N)=C(/O)CSc1nnc(Nc2cccc(C)c2C)s1,4.910525512529809,0,0.018307218854482304,0,320
CHEMBL3578284,Cc1nocc1-c1ccc2[nH]c([C@@]3(Cc4ccccc4)OC(=O)N([C@H](C)c4ccc(F)cc4)C3=O)nc2c1,5.522878745280337,0,0.017314929344993395,0,321
CHEMBL1603680,Cc1cc(Cl)c(S(=O)(=O)Nc2ccc3c(c2)OCO3)cc1OCC(N)=O,4.301029995663981,0,0.01722305739852172,0,322
CHEMBL1338219,Cc1cccc(-n2c(SCc3cc(=O)n4c(C)cccc4n3)nc3nncc-3c2O)c1,4.301029995663981,0,0.016727721127096397,0,323
CHEMBL1533166,Cc1c(C(=O)OCc2ccccc2)[nH]c2c1C(=O)CC(c1ccco1)C2,4.82129406798062,0,0.015923706437817813,0,324
CHEMBL1301421,c1ccc(-c2nc(C3CCCCC3)no2)cc1,4.301029995663981,0,0.014249908554168139,0,325
CHEMBL3578276,C[C@H](c1ccc(F)cc1)N1C(=O)O[C@](Cc2ccccc2)(c2nc3cc(NS(C)(=O)=O)ccc3[nH]2)C1=O,4.920818753952375,0,0.013719187924473944,0,326
CHEMBL194805,CC(C)(c1ccccc1)c1ccc(O)cc1,5.008773924307505,0,0.013510364161738788,0,327
CHEMBL1559680,O=C1C2C3C=CC(C3)C2C(=O)N1c1cccc2cccnc12,4.670550252498522,0,0.013448286363893634,0,328
CHEMBL3578271,C[C@H](c1ccc(F)cc1)N1C(=O)O[C@](Cc2ccccc2)(c2nc3cc(Cl)ccc3[nH]2)C1=O,5.619788758288394,0,0.013428831433753294,0,329
CHEMBL3578285,C[C@H](c1ccc(F)cc1)N1C(=O)O[C@](Cc2ccccc2)(c2nc3cc(N4CCOCC4)ccc3[nH]2)C1=O,5.275724130399211,0,0.013223522831849766,0,330
CHEMBL1173787,O=C(O)c1cc2sccc2s1,4.301029995663981,0,0.011869805166685732,0,331
CHEMBL4582563,CS(=O)(=O)c1ccc(C(CCCCO[N+](=O)[O-])=C(c2ccc(F)cc2)c2ccc(F)cc2)cc1,6.698970004336019,1,0.011374396675834746,0,332
CHEMBL1570659,O=C(O)C1Nc2c(C(=O)N3CCOCC3)cccc2C2C=CCC12,7.390512310146715,1,0.01059918127224332,0,333
CHEMBL1374539,O=C(O)CC(Cn1nnnc1S)c1ccccc1,4.301029995663981,0,0.009305226679773172,0,334
CHEMBL1541075,CC(C)COC(=O)c1nnsc1NC(=O)Nc1ccccc1,4.301029995663981,0,0.009217603799318934,0,335
CHEMBL1346933,O=C(Nc1cnc2ccccn2c1=O)c1ccc(F)cc1,4.301029995663981,0,0.009070736298287958,0,336
CHEMBL1606318,Cn1nc(CC(=O)Nc2ncc(Br)s2)c2ccccc2c1=O,4.301029995663981,0,0.008747051193221368,0,337
CHEMBL1577184,Cc1nnc(N2C(=O)c3oc4ccccc4c(=O)c3C2c2ccco2)s1,7.299988937677888,1,0.007959391547810694,0,338
CHEMBL1370794,COC(=O)c1ccc(CSc2ncnc3c2oc2ccccc23)o1,7.238222462491822,1,0.006479437861103012,0,339
